,C10_stdev,abs_C10-SVEC,above1,above2,above3
0,0.2715043643904107,0.2305263157894739,False,False,False
1,0.18878187543095362,0.4526315789473685,True,True,False
2,0.11756794725698932,0.453157894736842,True,True,False
3,0.2721766282381063,0.24631578947368427,False,False,False
4,0.1619147129479154,0.14315789473684104,False,False,False
5,0.30177351020589643,0.27315789473684216,False,False,False
6,0.18883298106221305,0.29157894736842127,True,False,False
7,0.470365044251591,0.46473684210526334,False,False,False
8,0.20216084152959293,0.4468421052631588,True,True,False
9,0.20676002418828257,0.45526315789473637,True,True,False
10,0.3082093159788334,0.19970760233918128,False,False,False
11,0.1796064573788029,0.5226315789473679,True,True,False
12,0.24417781843882516,0.258421052631579,True,False,False
13,0.2296450350111301,0.4326315789473676,True,False,False
14,0.22567118863540594,0.34947368421052627,True,False,False
15,0.18651779778050376,0.15210526315789563,False,False,False
16,0.28153090260716845,0.7515789473684205,True,True,False
17,0.1885137313316587,0.15526315789473655,False,False,False
18,0.21538215730234134,0.2857894736842108,True,False,False
19,0.19624993015978195,0.3626315789473695,True,False,False
20,0.2132181706705448,0.3926315789473682,True,False,False
21,0.16003471845543743,0.3805263157894734,True,True,False
22,0.21725291806868033,0.33999999999999986,True,False,False
23,0.19030907455938384,0.26473684210526327,True,False,False
24,0.15904503021920208,0.16789473684210543,True,False,False
25,0.16029030680655754,0.13736842105263136,False,False,False
26,0.4002126627664303,0.4731578947368421,True,False,False
27,0.14255192959612636,0.15736842105263182,True,False,False
28,0.29231581895562186,0.37105263157894747,True,False,False
29,0.20679678982204197,0.46052631578947567,True,True,False
30,0.11657389795408972,0.23947368421052673,True,True,False
31,0.250543269365915,0.5010526315789472,True,False,False
32,0.23513340744829436,0.17315789473684218,False,False,False
33,0.3667001579600876,0.33473684210526317,False,False,False
34,0.11514547117522146,0.1278947368421055,True,False,False
35,0.24405324891116195,0.33473684210526305,True,False,False
36,0.16647884153357925,0.3542105263157893,True,True,False
37,0.13537472359888195,0.2810526315789472,True,True,False
38,0.1100531503703222,0.3663157894736835,True,True,False
39,0.2895317857693007,0.6568421052631583,True,True,False
40,0.16789198699832464,0.8368421052631578,True,True,True
41,0.25901184239899916,0.41263157894736846,True,False,False
42,0.14889259836524185,0.2715789473684209,True,False,False
43,0.1372047601172438,0.19736842105263142,True,False,False
44,0.20799235253597737,0.3373684210526313,True,False,False
45,0.17113655161374972,0.3242105263157893,True,False,False
46,0.1411978827931324,0.31736842105263197,True,True,False
47,0.14700320241568834,0.28947368421052655,True,False,False
48,0.13467960681271712,0.39999999999999947,True,True,False
49,0.22453851308773093,0.18315789473684196,False,False,False
50,0.2302630075187479,0.16842105263157897,False,False,False
51,0.2117908334722188,0.25541666666666685,True,False,False
52,0.15793254907864787,0.49473684210526336,True,True,False
53,0.09058936333001803,0.15105263157894822,True,False,False
54,0.2979108544396838,0.4736842105263155,True,False,False
55,0.1345188523495012,0.1342105263157895,False,False,False
56,0.2920466196862676,0.2742397660818713,False,False,False
57,0.2657033037318789,0.6368421052631577,True,True,False
58,0.3775657324929544,0.5937132352941177,True,False,False
59,0.3466194299801528,0.23947368421052628,False,False,False
60,0.1697831434196978,0.18999999999999995,True,False,False
61,0.2795641971906939,0.3389473684210527,True,False,False
62,0.24368875748855504,0.2478947368421055,True,False,False
63,0.11507688759468399,0.188421052631579,True,False,False
64,0.3309131438488502,0.22368421052631593,False,False,False
65,0.3660840666563476,0.27,False,False,False
66,0.14513957791044932,0.1363157894736844,False,False,False
67,0.15009158997131372,0.20263157894736805,True,False,False
68,0.39492393227139544,0.7915789473684206,True,True,False
69,0.2343998183740789,0.2184210526315789,False,False,False
70,0.4481773272563736,0.5006250000000001,True,False,False
71,0.2893711673864897,0.4452631578947369,True,False,False
72,0.4434199384669857,0.413888888888889,False,False,False
73,0.23304744390598048,0.20052631578947366,False,False,False
74,0.2636129982863081,0.442105263157895,True,False,False
75,0.25127627441099837,0.30263157894736836,True,False,False
76,0.22831444408998086,0.34999999999999964,True,False,False
77,0.23940471984286554,0.40421052631578913,True,False,False
78,0.19708548921338565,0.4405263157894743,True,True,False
79,0.3570067242638304,0.2347368421052632,False,False,False
80,0.16757122950872075,0.21578947368421098,True,False,False
81,0.37705305442066533,0.8000000000000005,True,True,False
82,0.1047693093760501,0.13263157894736732,True,False,False
83,0.4329012690809878,0.4068421052631579,False,False,False
84,0.16203024769959049,0.2078947368421049,True,False,False
85,0.19435302780045563,0.2347368421052632,True,False,False
86,0.228482151528848,0.19526315789473692,False,False,False
87,0.3336095346920212,0.23894736842105269,False,False,False
88,0.15477204516614843,0.12368421052631595,False,False,False
89,0.18224557688020213,0.3205263157894731,True,False,False
90,0.41313542858600394,0.3799999999999998,False,False,False
91,0.25403958571669716,0.518888888888889,True,True,False
92,0.2713352299601802,0.3510526315789473,True,False,False
93,0.19778155591371285,0.38736842105263175,True,False,False
94,0.18613646506187603,0.11368421052631561,False,False,False
95,0.2925457928866394,0.2668421052631579,False,False,False
96,0.13463835033197993,0.20473684210526333,True,False,False
97,1.3410863134041746,1.132941176470588,False,False,False
98,0.19049182266681153,0.1673684210526316,False,False,False
99,0.23332600721099578,0.37506410256410283,True,False,False
100,0.10895838574685934,0.13736842105263136,True,False,False
101,0.1694452593212119,0.10947368421052683,False,False,False
102,0.24933713291034937,0.22210526315789475,False,False,False
103,0.3525438050837427,0.8442105263157896,True,True,False
104,0.1060398248039124,0.17842105263157926,True,False,False
105,0.18918569731926205,0.1957894736842104,True,False,False
106,0.17510230927503578,0.20157894736842064,True,False,False
107,0.15264337522473748,0.20315789473684198,True,False,False
108,0.24940514023694096,0.27789473684210475,True,False,False
109,0.21177197269953507,0.22473684210526312,True,False,False
110,0.3431391036364764,0.40388888888888874,True,False,False
111,0.19822310072445826,0.32842105263157895,True,False,False
112,0.14381193046833507,0.2863157894736841,True,False,False
113,0.2220413006205975,0.29105263157894734,True,False,False
114,0.17948268743173895,0.25736842105263147,True,False,False
115,0.21966747863439104,0.16684210526315812,False,False,False
116,0.1686617432191752,0.2778947368421054,True,False,False
117,0.18331259850847628,0.23736842105263123,True,False,False
118,0.11507688759468401,0.21999999999999975,True,False,False
119,0.17417474588832663,0.10631578947368459,False,False,False
120,0.2585338780157667,0.17157894736842083,False,False,False
121,0.253477567435429,0.3294736842105257,True,False,False
122,0.18991995851746296,0.15210526315789466,False,False,False
123,0.2727840008341969,0.2963157894736841,True,False,False
124,0.2412216383077579,0.3888095238095237,True,False,False
125,0.13193344059994042,0.21473684210526356,True,False,False
126,0.24763087980213402,0.25,True,False,False
127,0.23762838942766987,0.21894736842105267,False,False,False
128,0.15596708304687895,0.20526315789473681,True,False,False
129,0.37865567070765543,0.25789473684210584,False,False,False
130,0.25551347225327276,0.45894736842105266,True,False,False
131,0.15851651453434418,0.4236842105263158,True,True,False
132,0.1620789642219954,0.17894736842105297,True,False,False
133,0.12725165011166006,0.18105263157894713,True,False,False
134,0.23103251587560755,0.16105263157894711,False,False,False
135,0.14911630532782083,0.16736842105263183,True,False,False
136,0.5768111572352871,0.44263157894736815,False,False,False
137,0.25020693190223525,0.6900000000000004,True,True,False
138,0.21773689794140588,0.3326315789473686,True,False,False
139,0.30834400171206977,0.18052631578947365,False,False,False
140,0.15639020025833492,0.16210526315789464,True,False,False
141,0.3496874126269168,0.24157894736842078,False,False,False
142,0.11828699364468215,0.12263157894736798,True,False,False
143,0.2472799393825804,0.44526315789473614,True,False,False
144,0.19062378366978447,0.30684210526315825,True,False,False
145,0.22248332613784055,0.23473684210526297,True,False,False
146,0.3878286082946495,0.36382352941176466,False,False,False
147,0.2605033364548208,0.33157894736842114,True,False,False
148,0.3423281633587448,0.3513333333333334,True,False,False
149,0.2229064214581373,0.26146853146853144,True,False,False
150,0.47432192290648717,0.45631578947368445,False,False,False
151,0.3612535031902826,0.9026315789473685,True,True,False
152,0.1671081871089218,0.29842105263157914,True,False,False
153,0.2914904229415894,0.05157894736842111,False,False,False
154,0.3986489086664509,0.16884848484848503,False,False,False
155,0.27499465235442194,0.06905228758169968,False,False,False
156,0.4087271641778194,0.06263157894736839,False,False,False
157,0.8853283289266191,0.4476838235294114,False,False,False
158,0.27483952537050116,0.03823529411764759,False,False,False
159,0.5895657039705122,0.24789473684210536,False,False,False
160,0.3345884794033569,0.14238095238095205,False,False,False
161,0.21798519183570506,0.01578947368421052,False,False,False
162,0.34904715745677534,0.12263157894736842,False,False,False
163,0.2511494045221148,0.06473684210526343,False,False,False
164,0.533356844719859,0.19509523809523843,False,False,False
165,0.196191814483111,0.09842105263157902,False,False,False
166,0.4069643719049617,0.25955882352941195,False,False,False
167,0.35431426233109514,0.17210526315789498,False,False,False
168,0.4178493690770577,0.11199999999999988,False,False,False
169,0.17464032301917679,0.09559523809523851,False,False,False
170,0.5648413508534824,0.18444444444444463,False,False,False
171,0.17338056036779406,0.07263157894736816,False,False,False
172,0.29097817899903555,0.024999999999999467,False,False,False
173,0.2564113562729447,0.016315789473684283,False,False,False
174,0.2173403830521681,0.13631578947368395,False,False,False
175,0.4143100020247855,0.23828282828282887,False,False,False
176,0.16166892745751474,0.09263157894736851,False,False,False
177,0.23001144136302162,0.04157894736842105,False,False,False
178,0.5409310794810537,0.11947368421052662,False,False,False
179,0.1845731601885505,0.00947368421052619,False,False,False
180,0.5725112380094025,0.24764705882352978,False,False,False
181,0.4693825731745907,0.04088235294117615,False,False,False
182,0.11664160131743193,0.018421052631579116,False,False,False
183,0.18995228702237105,0.006842105263157872,False,False,False
184,0.4125122299632837,0.22081699346405226,False,False,False
185,0.20017974379182676,0.042631578947367466,False,False,False
186,0.21468322917472826,0.08736842105263087,False,False,False
187,0.273147133840255,0.010526315789473828,False,False,False
188,0.17310882896798374,0.01684210526315777,False,False,False
189,0.3176881100924579,0.003529411764705559,False,False,False
190,0.5059297503415882,0.05684210526315803,False,False,False
191,0.4540791547603554,0.00416666666666643,False,False,False
192,0.3137986466562195,0.02684210526315778,False,False,False
193,0.44118866247608396,0.2229670329670328,False,False,False
194,0.27264610291712854,0.07912087912087928,False,False,False
195,0.5504949563526418,0.24416666666666642,False,False,False
196,0.5465016949325067,0.22296703296703235,False,False,False
197,0.3400499771035202,0.02006535947712429,False,False,False
198,0.14611138905539126,0.027894736842104972,False,False,False
199,0.1603906050828115,0.03210526315789419,False,False,False
200,0.17378988456353894,0.16157894736842104,False,False,False
201,0.16293722107516107,0.03578947368421065,False,False,False
202,0.20289138049878253,0.059473684210526345,False,False,False
203,0.208068252409681,0.031052631578947387,False,False,False
204,0.1470568971322054,0.04210526315789476,False,False,False
205,0.27021898647873505,0.0011111111111103966,False,False,False
206,0.21726233906641107,0.05473684210526297,False,False,False
207,0.30889540991896564,0.1399999999999998,False,False,False
208,0.6325022247608978,0.13684210526315788,False,False,False
209,0.24970157627252268,0.0426315789473688,False,False,False
210,0.18487865468751205,0.021578947368420476,False,False,False
211,0.21333881571902863,0.08894736842105244,False,False,False
212,0.3129785225148134,0.0542105263157896,False,False,False
213,0.6089398100860973,0.23565934065934036,False,False,False
214,0.23551983067944587,0.02935672514619886,False,False,False
215,0.15103347678945592,0.033157894736842164,False,False,False
216,0.23013931120975958,0.033461538461538654,False,False,False
217,0.14798846169658508,0.00210526315789461,False,False,False
218,0.15485892466922144,0.030526315789473513,False,False,False
219,0.4004887124392007,0.19619047619047647,False,False,False
220,0.3917385152464401,0.25126934984520144,False,False,False
221,0.30442064618642645,0.19789473684210535,False,False,False
222,0.2160328110232251,0.15421052631578958,False,False,False
223,0.3855299383100271,0.36263157894736836,False,False,False
224,0.16960738977611398,0.13842105263157878,False,False,False
225,0.29914252455978235,0.31499999999999995,True,False,False
226,0.39214905629484964,0.3076470588235297,False,False,False
227,0.29044430574008867,0.5384210526315789,True,False,False
228,0.25340719144957696,0.1589473684210525,False,False,False
229,0.17827470753034275,0.13631578947368422,False,False,False
230,0.2111317318337879,0.1494736842105262,False,False,False
231,0.19255287114747086,0.23526315789473706,True,False,False
232,0.12180657660924207,0.13421052631579,True,False,False
233,0.13910322642677694,0.1200000000000001,False,False,False
234,0.21187826141635846,0.4389473684210521,True,True,False
235,0.32990306062806496,0.7623529411764706,True,True,False
236,0.20308872258145222,0.35947368421052595,True,False,False
237,0.8360287780017258,0.8216666666666665,False,False,False
238,0.3952754609869926,0.4352631578947369,True,False,False
239,0.3118396319327549,0.2727380952380958,False,False,False
240,0.44427811215011764,0.34052631578947357,False,False,False
241,0.22279346512987125,0.32283625730994114,True,False,False
242,1.0487578283169763,0.7652631578947366,False,False,False
243,0.19602333075129197,0.1489473684210525,False,False,False
244,0.11880250455154258,0.14473684210526327,True,False,False
245,0.3448713727410029,0.4592857142857141,True,False,False
246,0.4768279692726736,0.3500000000000001,False,False,False
247,0.2447949374548191,0.1952631578947368,False,False,False
248,0.37302618944478405,0.4789473684210528,True,False,False
249,0.3366594471173108,0.23124999999999973,False,False,False
250,0.4872059016917537,0.996315789473684,True,True,False
251,0.3525603925703463,0.5678947368421052,True,False,False
252,0.4052900196155834,0.6053333333333337,True,False,False
253,0.19774755009165465,0.8768421052631579,True,True,True
254,0.3787900095633848,0.5157894736842102,True,False,False
255,0.43656286431958913,0.2421052631578947,False,False,False
256,0.31344809395231477,0.24894736842105258,False,False,False
257,0.2875384540771885,0.3152631578947368,True,False,False
258,0.1704105808976407,0.11578947368421066,False,False,False
259,0.12729530064873357,0.23368421052631572,True,False,False
260,0.3664975686635006,0.38325077399380825,True,False,False
261,0.23678153871453617,0.2573684210526316,True,False,False
262,0.30756827797098174,0.37578947368421056,True,False,False
263,0.25571708599578447,0.48,True,False,False
264,0.2709243436828813,0.3342105263157893,True,False,False
265,0.4447902127220577,0.4784558823529408,True,False,False
266,0.388928013904887,0.5578676470588236,True,False,False
267,0.28398009960153364,0.21183333333333332,False,False,False
268,0.3311631106387805,0.3526315789473684,True,False,False
269,0.36602796421617206,0.30055555555555546,False,False,False
270,0.21262629545864697,0.15842105263157924,False,False,False
271,0.10898790103997515,0.19526315789473703,True,False,False
272,0.29898463650411383,0.21736842105263154,False,False,False
273,0.3254892853133589,0.4099999999999997,True,False,False
274,0.6903084317854968,0.5442105263157897,False,False,False
275,0.35622780017010897,0.46105263157894744,True,False,False
276,0.25463194399089994,0.05789473684210533,False,False,False
277,0.1793523110026417,0.001052631578947416,False,False,False
278,0.17888707274513058,0.023157894736841822,False,False,False
279,0.372794881123404,0.06631578947368422,False,False,False
280,0.38906696006626507,0.21526315789473685,False,False,False
281,0.25677942385366453,0.12052631578947404,False,False,False
282,0.13881284467927751,0.040526315789473966,False,False,False
283,0.20315206185002935,0.03263157894736857,False,False,False
284,0.17957715115340891,0.057894736842105554,False,False,False
285,0.20289714503163495,0.011578947368421355,False,False,False
286,0.25412618314346186,0.003684210526315679,False,False,False
287,0.24097511458230123,0.054210526315789376,False,False,False
288,0.1916319571928019,0.08736842105263132,False,False,False
289,0.3883139442490388,0.03263157894736843,False,False,False
290,0.23795547276232976,0.14947368421052554,False,False,False
291,0.34257965309318983,0.1472514619883043,False,False,False
292,0.30984244251116816,0.04894736842105263,False,False,False
293,0.4094472601245848,0.16508771929824562,False,False,False
294,0.27407506792326597,0.017625000000000002,False,False,False
295,0.347803466719336,0.07526315789473692,False,False,False
296,0.20500891436901036,0.05894736842105286,False,False,False
297,0.2560233450612937,0.05842105263157915,False,False,False
298,0.28517153963455727,0.09631578947368416,False,False,False
299,0.4027304469064849,0.011578947368421355,False,False,False
300,0.3844096255739678,0.015263157894737311,False,False,False
301,0.16266422201211603,0.0031578947368418042,False,False,False
302,0.13874753040318394,0.019999999999999574,False,False,False
303,0.1886594754069318,0.01526315789473684,False,False,False
304,0.5170584595086425,0.01890109890109859,False,False,False
305,0.2163384828949453,0.04842105263157906,False,False,False
306,0.37438457436679934,0.1933333333333333,False,False,False
307,0.2007719022302329,0.18157894736842095,False,False,False
308,0.3765222514645757,0.22473684210526312,False,False,False
309,0.2725309146045723,0.1715789473684206,False,False,False
310,0.24343545081489326,0.05157894736842117,False,False,False
311,0.36241474093149745,0.07052631578947363,False,False,False
312,0.3591868659602723,0.11421052631578943,False,False,False
313,0.2628765747784527,0.07947368421052636,False,False,False
314,0.6286084138887229,0.011578947368421244,False,False,False
315,0.1660286031863889,0.03157894736842115,False,False,False
316,0.31448742293021276,0.09578947368421065,False,False,False
317,0.13138043504818475,0.026842105263158444,False,False,False
318,0.217511174681006,0.01789473684210452,False,False,False
319,0.37705693180813077,0.09473684210526317,False,False,False
320,0.224866432089589,0.10368421052631582,False,False,False
321,0.3559658634004569,0.1836842105263159,False,False,False
322,0.3161463869976943,0.09421052631578941,False,False,False
323,0.3088196615070571,0.0024999999999997247,False,False,False
324,0.3980155452604909,0.24052631578947348,False,False,False
325,0.22020856673957323,0.062105263157894774,False,False,False
326,0.17231651823357028,0.05578947368421017,False,False,False
327,0.3422995849368696,0.0989473684210529,False,False,False
328,0.23653196067561913,0.18789473684210523,False,False,False
329,0.1386463379160945,0.06684210526315792,False,False,False
330,0.24689741459426692,0.08875000000000055,False,False,False
331,0.26869731225681265,0.15421052631578958,False,False,False
332,0.18778954252221222,0.005263157894736803,False,False,False
333,0.6050151029964468,0.09157894736842098,False,False,False
334,0.39341584029092275,0.13578947368421052,False,False,False
335,0.4800615213985447,0.13023391812865504,False,False,False
336,0.1921287336459533,0.038947368421052675,False,False,False
337,0.3214013540876216,0.057368421052631624,False,False,False
338,0.21328124364061854,0.05736842105263157,False,False,False
339,0.24589505705680081,0.05415032679738574,False,False,False
340,0.307539756380189,0.17947368421052634,False,False,False
341,0.15724045727327546,0.13105263157894764,False,False,False
342,0.2833838964171006,0.16842105263157892,False,False,False
343,0.18999999999999997,0.08157894736842142,False,False,False
344,0.2464935381049276,0.14105263157894754,False,False,False
345,0.398919593533914,0.020000000000000018,False,False,False
346,0.29061338639312057,0.06368421052631601,False,False,False
347,0.24633690617735143,0.148421052631579,False,False,False
348,0.2278054469002594,0.05578947368421083,False,False,False
349,0.34996153634803484,0.08966666666666612,False,False,False
350,0.25704688174573265,0.08842105263157894,False,False,False
351,0.17097929151992344,0.09736842105263221,False,False,False
352,0.46184856129174146,0.01631578947368406,False,False,False
353,0.1786433606166142,0.027368421052631577,False,False,False
354,0.3263050719801946,0.12666666666666648,False,False,False
355,0.27315462707484506,0.08368421052631536,False,False,False
356,0.4788979795883474,0.12071207430340564,False,False,False
357,0.15624804092339092,0.09421052631578974,False,False,False
358,0.2730464904826873,0.040000000000000015,False,False,False
359,0.22730431465765957,0.036842105263157676,False,False,False
360,0.1794582490661679,0.06736842105263163,False,False,False
361,0.2866197432016546,0.1831578947368424,False,False,False
362,0.622979541214581,0.0874561403508769,False,False,False
363,0.4242157167750558,0.21615384615384592,False,False,False
364,0.2549337719294473,0.06473684210526276,False,False,False
365,0.17190859228835567,0.08564102564102549,False,False,False
366,0.3053298475247281,0.14000000000000004,False,False,False
367,0.4009046786999483,0.0057894736842105665,False,False,False
368,0.5148640279921112,0.03849673202614379,False,False,False
369,0.29441617203024223,0.09996323529411755,False,False,False
370,0.3089266458475537,0.006842105263157983,False,False,False
371,0.14818196495134656,0.024210526315789238,False,False,False
372,0.15468511686686906,0.023684210526315752,False,False,False
373,0.19164111195010763,0.0742105263157895,False,False,False
374,0.31548639695978437,0.12095588235294108,False,False,False
375,0.4804181865697094,0.4700000000000001,False,False,False
376,0.44239405511376395,0.4883333333333333,True,False,False
377,0.1959934955359428,0.7068421052631573,True,True,False
378,0.28569398424114384,0.23684210526315796,False,False,False
379,0.4074611164313826,0.49250773993808017,True,False,False
380,0.21684203429284027,0.21631578947368402,False,False,False
381,0.4759464255564905,0.5273333333333337,True,False,False
382,0.3471471029853354,0.39157894736842114,True,False,False
383,0.16648586684655584,0.2110526315789476,True,False,False
384,0.1597036729630685,0.14000000000000012,False,False,False
385,0.1794810583108916,0.16421052631578947,False,False,False
386,0.2151511096880516,0.3957272727272729,True,False,False
387,0.3603432706840419,0.5476704545454552,True,False,False
388,0.3729650341073097,0.4806250000000003,True,False,False
389,0.2762524953307582,0.21544891640866815,False,False,False
390,0.22979395805350222,0.25578947368421057,True,False,False
391,0.21970474605387225,0.23315789473684206,True,False,False
392,0.24924297146264607,0.32074303405572757,True,False,False
393,0.6660352217913604,0.5479861111111108,False,False,False
394,0.15623681230896846,0.2347368421052629,True,False,False
395,0.17809419939922,0.1673684210526314,False,False,False
396,0.45926131165269335,0.3719166666666667,False,False,False
397,0.33430524973443054,0.37199999999999944,True,False,False
398,0.5467419736167014,0.5487499999999998,True,False,False
399,0.14544949486180953,0.4249999999999998,True,True,False
400,0.43565704266490335,0.31352941176470583,False,False,False
401,0.24599886417719613,0.22235294117647064,False,False,False
402,0.185976166491634,0.16263157894736802,False,False,False
403,0.19126387882982304,0.23684210526315752,True,False,False
404,0.2157131515292706,0.1763157894736842,False,False,False
405,0.16440038132594753,0.24578947368421078,True,False,False
406,0.2525866188063018,0.17105263157894735,False,False,False
407,0.22464787260658997,0.4105263157894734,True,False,False
408,0.09200813592298994,0.2773684210526317,True,True,False
409,0.34536936748935915,0.29676470588235304,False,False,False
410,0.29082359356334797,0.1952631578947368,False,False,False
411,0.2874764165257378,0.35315789473684234,True,False,False
412,0.16902541419347222,0.12736842105263246,False,False,False
413,0.7447912694760319,0.3947368421052635,False,False,False
414,0.17346317673849548,0.21842105263157885,True,False,False
415,0.293676270124072,0.31833333333333313,True,False,False
416,0.20833929816022412,0.14315789473684148,False,False,False
417,0.3969643582922603,0.3288011695906432,False,False,False
418,0.17220465860261866,0.4897692307692312,True,True,False
419,0.22579035973598963,0.5521052631578948,True,True,False
420,0.30129156673749513,0.37578947368421056,True,False,False
421,0.18712037592875688,0.1205263157894737,False,False,False
422,0.16767589176253864,0.28000000000000025,True,False,False
423,0.18341943751543763,0.23263157894736852,True,False,False
424,0.2762012572435614,0.4221052631578952,True,False,False
425,0.22266855761356974,0.5021052631578944,True,True,False
426,0.3183253771719025,0.3508169934640524,True,False,False
427,0.14178890495116842,0.21947368421052627,True,False,False
428,0.19855913727187688,0.13000000000000012,False,False,False
429,0.14082463899250167,0.1789473684210523,True,False,False
430,0.14362271888568665,0.2905263157894744,True,True,False
431,0.18992919579465573,0.23157894736842133,True,False,False
432,0.1360899255501939,0.155263157894737,True,False,False
433,0.11097916141783487,0.21526315789473704,True,False,False
434,0.1779217253481912,0.27315789473684204,True,False,False
435,0.21449110179337982,0.23631578947368415,True,False,False
436,0.14777491972789158,0.16578947368420982,True,False,False
437,0.11290424447757769,0.15473684210526262,True,False,False
438,0.144935960853537,0.16105263157894667,True,False,False
439,0.16936413589162191,0.27210526315789485,True,False,False
440,0.575665216229425,0.4177089783281735,False,False,False
441,0.14947666993146846,0.2505263157894735,True,False,False
442,0.3973030425284196,0.40157894736842126,True,False,False
443,0.20640334101289773,0.1847368421052631,False,False,False
444,0.23896218105928013,0.3731578947368419,True,False,False
445,0.23006863964340818,0.20736842105263165,False,False,False
446,0.19229606802474614,0.30368421052631556,True,False,False
447,0.22640593879756557,0.2957894736842106,True,False,False
448,0.11955081622815761,0.255789473684211,True,True,False
449,0.12489293660585896,0.16789473684210465,True,False,False
450,0.19265306817791034,0.24736842105263168,True,False,False
451,0.47822435050064604,0.444934640522876,False,False,False
452,0.2180978373727412,0.3031578947368423,True,False,False
453,0.13741983308938993,0.1468421052631581,True,False,False
454,0.3653968187667145,0.3699999999999999,True,False,False
455,0.14921431660769602,0.14631578947368373,False,False,False
456,0.206560527356967,0.15315789473684227,False,False,False
457,0.13370780746754388,0.0042105263157901085,False,False,False
458,0.2579534841788341,0.04784615384615387,False,False,False
459,0.32707904511659863,0.12947368421052619,False,False,False
460,0.22142415173318433,0.12157894736842112,False,False,False
461,0.26842839113922107,0.045263157894737005,False,False,False
462,0.443496302789815,0.24803921568627407,False,False,False
463,0.24140911866186707,0.00894736842105237,False,False,False
464,0.34629534769652526,0.1585139318885449,False,False,False
465,0.2821854974493909,0.20321637426900585,False,False,False
466,0.46762245480079134,0.19248538011695904,False,False,False
467,0.30941111501566665,0.11533333333333329,False,False,False
468,0.8400010822503851,0.26655844155844144,False,False,False
469,0.32971641855792777,0.0707083333333336,False,False,False
470,0.4686102384237412,0.0648571428571425,False,False,False
471,0.1613847243073708,0.16052631578947363,False,False,False
472,0.24738858322709867,0.0471666666666668,False,False,False
473,0.5223617182622424,0.41611111111111143,False,False,False
474,0.2274895935015823,0.04249999999999998,False,False,False
475,0.31706069668143505,0.21263157894736873,False,False,False
476,0.30730673097181715,0.1268421052631581,False,False,False
477,0.3819838948259897,0.03210526315789486,False,False,False
478,0.3990091895349446,0.35916666666666675,False,False,False
479,0.25513097198399315,0.1431578947368417,False,False,False
480,0.3084435554531571,0.025789473684210584,False,False,False
481,0.3281848003151498,0.10315789473684212,False,False,False
482,0.2442759919310904,0.06263157894736826,False,False,False
483,0.16452661136713786,0.09947368421052571,False,False,False
484,0.36967031305053044,0.0057894736842105665,False,False,False
485,0.562479205964858,0.16399999999999992,False,False,False
486,0.4279564604327685,0.3573976608187137,False,False,False
487,0.23966594685493256,0.2136842105263158,False,False,False
488,0.21813135159739785,0.054210526315789376,False,False,False
489,0.3724240502473147,0.10666666666666667,False,False,False
490,0.4154470483707881,0.18812500000000032,False,False,False
491,0.411613549686735,0.0006666666666665932,False,False,False
492,0.2864605542178661,0.13947368421052597,False,False,False
493,0.3598282418548656,0.20181818181818167,False,False,False
494,0.9206548013006257,0.16684210526315768,False,False,False
495,0.33521660972958434,0.23421052631578948,False,False,False
496,0.25179124371065154,0.2873684210526316,True,False,False
497,0.44739770437760734,0.10157894736842107,False,False,False
498,0.42282158795181596,0.14695238095238095,False,False,False
499,0.3502588850403478,0.0857894736842105,False,False,False
500,0.4835286961494633,0.0006250000000007638,False,False,False
501,0.380449494915972,0.27195804195804163,False,False,False
502,0.18642528252603585,0.20157894736842108,True,False,False
503,0.5685888965969467,0.06145454545454543,False,False,False
504,0.31739528364780617,0.13099415204678322,False,False,False
505,0.20591402282341445,0.006842105263157761,False,False,False
506,0.30846658487902395,0.12637426900584714,False,False,False
507,0.41624857812114957,0.03371212121212119,False,False,False
508,0.17486502731472,0.044736842105263075,False,False,False
509,0.4441596309636635,0.03823529411764737,False,False,False
510,0.3344813563978982,0.17842105263157898,False,False,False
511,0.2638431102249722,0.057678571428572134,False,False,False
512,0.21258641173918036,0.10315789473684278,False,False,False
513,0.14526040339790344,0.036315789473684745,False,False,False
514,0.20009939050849543,0.06631578947368388,False,False,False
515,0.29350871949748375,0.005789473684210525,False,False,False
516,0.4434951053808058,0.1166666666666667,False,False,False
517,0.4717963680079543,0.2536842105263156,False,False,False
518,0.2868869003061162,0.10473684210526318,False,False,False
519,0.34612507002897674,0.031538461538461515,False,False,False
520,0.3911715795892674,0.13105263157894753,False,False,False
521,0.3865945642955384,0.0753409090909094,False,False,False
522,0.3045618077449011,0.166842105263158,False,False,False
523,0.2998112151102462,0.2277399380804952,False,False,False
524,0.361111919191015,0.20727272727272728,False,False,False
525,0.5058743159416297,0.11222222222222222,False,False,False
526,0.4039301713580373,0.1820220588235293,False,False,False
527,0.45609517320132203,0.04507739938080535,False,False,False
528,0.3139629393299905,0.03785714285714281,False,False,False
529,0.473601357276386,0.1294736842105263,False,False,False
530,0.39627431576287314,0.1799999999999995,False,False,False
531,0.31311491880929654,0.14733333333333354,False,False,False
532,0.31683089840136835,0.05700000000000005,False,False,False
533,0.22967559119981049,0.1505263157894734,False,False,False
534,0.4582562933657941,0.017368421052631478,False,False,False
535,0.19323500221717427,0.06368421052631579,False,False,False
536,0.25684773745142886,0.07263157894736844,False,False,False
537,0.3194851486906991,0.05947368421052632,False,False,False
538,0.3493151193858905,0.16263157894736824,False,False,False
539,0.40569916547301044,0.09216718266253854,False,False,False
540,0.19949937343260002,0.014736842105263104,False,False,False
541,0.2200013290762618,0.19210526315789467,False,False,False
542,0.48586006215781924,0.10220588235294148,False,False,False
543,0.45072111533577364,0.378708333333333,False,False,False
544,0.4510112095182459,0.13294117647058767,False,False,False
545,0.28538268141882955,0.052631578947368585,False,False,False
546,0.17930665685629874,0.13210526315789467,False,False,False
547,0.537727304118706,0.20310457516339842,False,False,False
548,0.3452077379679389,0.2135294117647059,False,False,False
549,0.20341318314436524,0.1496153846153847,False,False,False
550,0.2981051268708183,0.09733333333333327,False,False,False
551,0.9979880859911204,0.44741071428571444,False,False,False
552,0.15306039781771424,0.06789473684210523,False,False,False
553,0.3136402006098652,0.06578947368421054,False,False,False
554,0.5280868633985488,0.2688235294117647,False,False,False
555,0.2758135229012615,0.0015789473684209299,False,False,False
556,0.27079048244005355,0.0036842105263161784,False,False,False
557,0.20745745706343768,0.020526315789473726,False,False,False
558,0.3116995631165671,0.049019607843137525,False,False,False
559,0.3165770879763394,0.05616959064327487,False,False,False
560,0.18919651592306583,0.0321052631578953,False,False,False
561,0.30767948691238206,0.030833333333333268,False,False,False
562,0.3633305532281739,0.2850757575757572,False,False,False
563,0.20025568451678608,0.03421052631578936,False,False,False
564,0.23947432684188563,0.18157894736842095,False,False,False
565,0.22194778375431076,0.1473684210526316,False,False,False
566,0.27925129641544655,0.00473684210526315,False,False,False
567,0.2194755654042696,0.010333333333333306,False,False,False
568,0.23967570682996733,0.08315789473684221,False,False,False
569,0.29509637636716113,0.08210526315789479,False,False,False
570,0.8873948335680543,0.23526315789473684,False,False,False
571,0.3241604540964243,0.06441176470588261,False,False,False
572,0.33097322377165367,0.1100000000000001,False,False,False
573,0.33998881990562385,0.052105263157894655,False,False,False
574,0.3893117470146982,0.25692307692307725,False,False,False
575,0.2588661737393141,0.06263157894736848,False,False,False
576,0.46871230842615536,0.1540935672514625,False,False,False
577,0.47620278339074296,0.0651948051948057,False,False,False
578,0.4189718688654225,0.015263157894736867,False,False,False
579,0.4627391115738078,0.12315789473684197,False,False,False
580,0.639265203182529,0.4068749999999999,False,False,False
581,0.3975829752670783,0.15451388888888862,False,False,False
582,0.23874672772626637,0.10846153846153728,False,False,False
583,0.2416289693383834,0.08627450980392126,False,False,False
584,0.9487496108962703,1.1290659340659341,True,False,False
585,0.5084968100666445,0.08798245614035088,False,False,False
586,0.3278763852073037,0.15631578947368452,False,False,False
587,0.2001858111214653,0.08307692307692283,False,False,False
588,0.5262662257364396,0.061052631578947365,False,False,False
589,0.33798162516232805,0.11105263157894774,False,False,False
590,0.3240324965547891,0.1047058823529412,False,False,False
591,0.44547727214752497,0.12159090909090908,False,False,False
592,0.4023658106922544,0.13315789473684236,False,False,False
593,0.26852423197524417,0.05842105263157893,False,False,False
594,0.29484855861038206,0.1268421052631583,False,False,False
595,0.30300715063069605,0.17000000000000037,False,False,False
596,0.3528601088395462,0.07628205128205079,False,False,False
597,0.22857939104760938,0.08263157894736861,False,False,False
598,0.28535091764147247,0.04368421052631577,False,False,False
599,0.1613339857896043,0.08105263157894704,False,False,False
600,0.3807164299055138,0.18759615384615413,False,False,False
601,0.20982727511006993,0.10736842105263067,False,False,False
602,0.30718967605703057,0.13842105263157878,False,False,False
603,0.3109846114704529,0.27066666666666683,False,False,False
604,0.17864925288272418,0.21483333333333343,True,False,False
605,0.4953367334775039,0.26421052631578956,False,False,False
606,0.13333333333333333,0.045789473684210824,False,False,False
607,0.2587430254448886,0.011052631578947342,False,False,False
608,0.2871455451553517,0.02502564102564131,False,False,False
609,0.4908526903627642,0.04961538461538484,False,False,False
610,0.2340240403505339,0.05684210526315803,False,False,False
611,0.2861312829997991,0.03766666666666696,False,False,False
612,0.31786575210871076,0.13083333333333358,False,False,False
613,0.4900780250003414,0.21705882352941153,False,False,False
614,0.44069147298192,0.41543956043956043,False,False,False
615,0.2341134146286601,0.1626923076923077,False,False,False
616,0.2507171001896069,0.21789473684210525,False,False,False
617,0.5916578946718156,0.31343653250773995,False,False,False
618,0.17574902360538336,0.026842105263157556,False,False,False
619,0.21341829448538996,0.08052631578947364,False,False,False
620,0.30700305730233773,0.2868421052631578,False,False,False
621,0.3678630215370649,0.13290849673202612,False,False,False
622,0.3510079677252262,0.11085714285714277,False,False,False
623,0.3696078212382252,0.24894736842105275,False,False,False
624,0.29657356988265354,0.15111111111111108,False,False,False
625,0.19938355290642867,0.07578947368421063,False,False,False
626,0.28503103350070413,0.06578947368421054,False,False,False
627,0.41639285120658326,0.028472222222222232,False,False,False
628,0.2574628798544053,0.11105263157894663,False,False,False
629,0.35685681109617484,0.0831578947368421,False,False,False
630,0.24789877202114305,0.10947368421052628,False,False,False
631,0.2553429066960741,0.04578947368421038,False,False,False
632,0.1470966583596813,0.03263157894736857,False,False,False
633,0.3438005677850994,0.01631578947368434,False,False,False
634,0.3306037362301835,0.07736842105263153,False,False,False
635,0.14516173677853747,0.10684210526315796,False,False,False
636,0.18169764744684863,0.02631578947368418,False,False,False
637,0.43128058288829857,0.04107843137254896,False,False,False
638,0.1679581540755549,0.1131578947368421,False,False,False
639,0.38212894089891636,0.170194805194805,False,False,False
640,0.47614773617719397,0.42227272727272647,False,False,False
641,0.3508022551555537,0.06345454545454543,False,False,False
642,0.38528828015335403,0.1704411764705882,False,False,False
643,0.5400298345667786,0.3026363636363629,False,False,False
644,0.36507229116680134,0.2936842105263159,False,False,False
645,0.49807588109979123,0.02937499999999993,False,False,False
646,0.2939646316793273,0.18789473684210523,False,False,False
647,0.32735341209502683,0.06438461538461526,False,False,False
648,0.5038297772506548,0.14789473684210563,False,False,False
649,0.23775140587208318,0.17315789473684218,False,False,False
650,0.2986705435212041,0.060292397660819175,False,False,False
651,0.3521139169733508,0.022105263157894517,False,False,False
652,0.2806519144349872,0.10000000000000009,False,False,False
653,0.5030160496433791,0.25291228070175387,False,False,False
654,0.2527162382515682,0.10421052631578909,False,False,False
655,0.3273810663020991,0.16473684210526285,False,False,False
656,0.5345474276254187,0.47116666666666684,False,False,False
657,0.29185993596624776,0.2639999999999998,False,False,False
658,0.41557963466529246,0.4321052631578949,True,False,False
659,0.23181334495793118,0.27210526315789485,True,False,False
660,0.3500534629175732,0.18684210526315792,False,False,False
661,0.49683006137925056,0.24936974789915944,False,False,False
662,0.40459719337742434,0.05650000000000022,False,False,False
663,0.5534482812332151,0.14948529411764655,False,False,False
664,0.3149129648626688,0.08263157894736861,False,False,False
665,0.3581615143055858,0.09983516483516497,False,False,False
666,0.2370703253916157,0.11842105263157898,False,False,False
667,0.5895121384700308,0.3194736842105268,False,False,False
668,0.2189435025524656,0.0963157894736843,False,False,False
669,0.2495657046464368,0.061578947368420955,False,False,False
670,0.2118506590841434,0.09526315789473683,False,False,False
671,0.3794486612833251,0.10894736842105268,False,False,False
672,0.24919636917370352,0.034736842105262955,False,False,False
673,0.13228756555322949,0.13045454545454538,False,False,False
674,0.19491338607231531,0.03315789473684211,False,False,False
675,0.3954576648718322,0.014365325077399405,False,False,False
676,0.29646750657726445,0.0005263157894739301,False,False,False
677,0.23382904736540508,0.09684210526315806,False,False,False
678,0.1807570176098418,0.06736842105263152,False,False,False
679,0.4406520903228332,0.4438039215686276,True,False,False
680,0.3067991704587091,0.11526315789473673,False,False,False
681,0.28762386093667014,0.08315789473684221,False,False,False
682,0.32117075457577277,0.0051307189542482146,False,False,False
683,0.19460711658251711,0.04421052631578953,False,False,False
684,0.3945587512489546,0.18526315789473702,False,False,False
685,0.29401933341372744,0.12842105263157855,False,False,False
686,0.14205879682154837,0.11157894736842122,False,False,False
687,0.3963842426689756,0.09292397660818685,False,False,False
688,0.34992788372680994,0.18399999999999972,False,False,False
689,0.3911605724080501,0.18054945054945026,False,False,False
690,0.4219399641339196,0.4864285714285712,True,False,False
691,0.2478798992343761,0.1047368421052628,False,False,False
692,0.5202816376311394,0.11578947368421055,False,False,False
693,0.4581020806980353,0.04742690058479515,False,False,False
694,0.2716271093792142,0.19157894736842096,False,False,False
695,0.24359274804596465,0.21578947368421086,False,False,False
696,0.33463527792324776,0.22166666666666712,False,False,False
697,0.28632680792352033,0.09578947368421052,False,False,False
698,0.420462948318982,0.13357575757575768,False,False,False
699,0.2954884943485916,0.04052631578947364,False,False,False
700,0.3409698777257895,0.10967836257309949,False,False,False
701,0.29489913034124626,0.004385964912280826,False,False,False
702,0.3185426885747724,0.17388888888888898,False,False,False
703,0.5014003781224008,0.15201754385964916,False,False,False
704,0.4129599223119569,0.06867132867132875,False,False,False
705,0.4389961811437812,0.34627450980392194,False,False,False
706,0.6745787840924975,0.011432748538011905,False,False,False
707,0.3853612548029403,0.12142857142857189,False,False,False
708,0.3489265074515537,0.047894736842105434,False,False,False
709,0.2262457391928608,0.10526315789473684,False,False,False
710,0.30345187581505,0.328947368421054,True,False,False
711,0.2603753475992435,0.1899999999999995,False,False,False
712,0.36099739285354787,0.07547794117647122,False,False,False
713,0.28619299912565643,0.28000000000000025,False,False,False
714,0.3435283043745198,0.3094736842105257,False,False,False
715,0.23647879867383936,0.3157894736842115,True,False,False
716,0.4165705771554611,0.18111111111111144,False,False,False
717,0.32481789770064506,0.17981818181818188,False,False,False
718,0.35717218494301833,0.37070512820512813,True,False,False
719,0.29941170388121546,0.20052631578947372,False,False,False
720,0.5713181639370872,0.0969090909090915,False,False,False
721,0.3074133067654531,0.23913312693498456,False,False,False
722,0.21655568253076077,0.09545454545454479,False,False,False
723,0.36926115578217894,0.18210526315789488,False,False,False
724,0.3053030322818099,0.06736842105263174,False,False,False
725,0.12909264998713813,0.01315789473684248,False,False,False
726,0.8125283620780795,0.4526315789473685,False,False,False
727,0.17538428984035892,0.027894736842105416,False,False,False
728,0.2621782349864015,0.012105263157894619,False,False,False
729,0.16303947787278156,0.03789473684210476,False,False,False
730,0.40216373843823844,0.22578947368421076,False,False,False
731,0.4315160027230283,0.0491666666666668,False,False,False
732,0.2816087867448916,0.025263157894736876,False,False,False
733,0.21360864910101426,0.1668421052631579,False,False,False
734,0.15553717518811094,0.10105263157894662,False,False,False
735,0.3113984679601896,0.1347368421052626,False,False,False
736,0.2788111771694597,0.04315789473684184,False,False,False
737,0.365754659010976,0.13081699346405262,False,False,False
738,0.2135237636911141,0.09421052631578947,False,False,False
739,0.35282221653903323,0.0543956043956042,False,False,False
740,0.2965463978568469,0.07894736842105265,False,False,False
741,0.370866967647845,0.41230769230769204,True,False,False
742,0.6442308075009556,0.1157894736842105,False,False,False
743,0.23199364782592422,0.20894736842105277,False,False,False
744,0.2825479310370779,0.051578947368421085,False,False,False
745,0.33034095446800177,0.13824561403508806,False,False,False
746,0.5914833591087446,0.27230769230769236,False,False,False
747,0.24643896555271055,0.06789473684210531,False,False,False
748,0.21276789099532026,0.35421052631578864,True,False,False
749,0.2379075450674064,0.047368421052631504,False,False,False
750,0.42114991566185583,0.18736842105263185,False,False,False
751,0.3565739754945669,0.08174999999999932,False,False,False
752,0.413354349416839,0.13914772727272773,False,False,False
753,0.2811057710995179,0.02035714285714285,False,False,False
754,0.27537534193781477,0.15263157894736856,False,False,False
755,0.28113682093939973,0.01071428571428612,False,False,False
756,0.47807171439289753,0.15692307692307694,False,False,False
757,0.3508908077655483,0.0700549450549448,False,False,False
758,0.2769228231836445,0.12533088235294143,False,False,False
759,0.3627557831954692,0.038047619047618664,False,False,False
760,0.46038206779983115,0.432417582417582,False,False,False
761,0.44283508969668006,0.027410714285714288,False,False,False
762,0.402119385257662,0.3225,False,False,False
763,0.31997222101648487,0.19233333333333302,False,False,False
764,0.20552632782339933,0.15693181818181823,False,False,False
765,0.2503597411725775,0.18333333333333335,False,False,False
766,1.1497599546063404,0.6126315789473683,False,False,False
767,1.2181122427335813,0.8448717948717949,False,False,False
768,1.3269859331080593,0.5335833333333332,False,False,False
769,1.4171542788278206,0.598625,False,False,False
770,1.0330047923891261,0.7348351648351646,False,False,False
771,1.3286358919332764,0.35019230769230764,False,False,False
772,1.373844701815268,0.747904411764706,False,False,False
773,0.32585470159214763,0.059473684210526345,False,False,False
774,0.5704442713067305,0.5241666666666667,False,False,False
775,0.5388210320460435,0.16346405228758165,False,False,False
776,0.4378584246077721,0.08794117647058819,False,False,False
777,0.49289910104353385,0.04677777777777803,False,False,False
778,0.5987129052034396,0.2673333333333334,False,False,False
779,0.2664352065667103,0.12578947368421045,False,False,False
780,0.32185583181074756,0.06433333333333313,False,False,False
781,0.30188975951592795,0.12578947368421045,False,False,False
782,0.4214656965084268,0.30944444444444397,False,False,False
783,0.506910144637925,0.19035087719298227,False,False,False
784,0.5445835489895609,0.10895424836601375,False,False,False
785,0.2169889640657234,0.09631578947368447,False,False,False
786,0.22214267582131228,0.08999999999999991,False,False,False
787,0.49365071218527135,0.06723076923076965,False,False,False
788,0.25782342148584303,0.2005514705882352,False,False,False
789,0.3490027810440349,0.3294117647058823,False,False,False
790,0.39695798395502896,0.1309890109890115,False,False,False
791,0.23792720887940957,0.05999999999999961,False,False,False
792,0.3221973170451783,0.12842105263157877,False,False,False
793,0.5666971980570527,0.0004615384615389573,False,False,False
794,0.1791516721591705,0.03947368421052638,False,False,False
795,0.3423106895601341,0.13315789473684214,False,False,False
796,0.5710410774085452,0.2796190476190483,False,False,False
797,0.1499590587401962,0.03736842105263166,False,False,False
798,0.13846696145725407,0.048947368421053294,False,False,False
799,0.4238407158130898,0.2628484848484862,False,False,False
800,0.3037119562693447,0.05898039215686213,False,False,False
801,0.218613386748152,0.1178947368421055,False,False,False
802,0.3185652358996655,0.21355555555555572,False,False,False
803,0.36994594199693553,0.07953846153846156,False,False,False
804,0.21266067197182648,0.004210526315789498,False,False,False
805,0.30022311391472667,0.02315789473684221,False,False,False
806,0.34960417177584846,0.0705594405594403,False,False,False
807,0.3478438178801327,0.07877192982456105,False,False,False
808,0.3896122590708622,0.08119883040935638,False,False,False
809,0.1944222209522358,0.024736842105263168,False,False,False
810,0.34312100801873213,0.13131944444444443,False,False,False
811,0.31171286832709005,0.05157894736842117,False,False,False
812,0.32038211087652346,0.4991666666666664,True,False,False
813,0.3418319629717076,0.19992424242424178,False,False,False
814,0.2787044021734312,0.0041503267973856395,False,False,False
815,0.5480805667895075,0.23230769230769255,False,False,False
816,0.29547419515077794,0.010750000000000703,False,False,False
817,0.28215544635259615,0.25421052631579055,False,False,False
818,0.2547094876068088,0.1281623931623932,False,False,False
819,0.3604634768303926,0.16684210526315812,False,False,False
820,0.3470007547679455,0.08333333333333348,False,False,False
821,0.2199388538098821,0.1142105263157891,False,False,False
822,0.28490277401821634,0.023684210526315697,False,False,False
823,0.3222035870612732,0.05999999999999961,False,False,False
824,0.39550027539340266,0.02210526315789474,False,False,False
825,0.36924410461266516,0.04368131868131986,False,False,False
826,0.4224960638593077,0.223157894736842,False,False,False
827,0.38307194839489195,0.06294117647058828,False,False,False
828,0.2740554875502591,0.007076923076923425,False,False,False
829,0.37497058708180114,0.20888888888888868,False,False,False
830,0.4627751275873092,0.058304093567251525,False,False,False
831,0.6042447317986586,0.046315789473684255,False,False,False
832,0.2628814688536768,0.055568627450980124,False,False,False
833,0.1605655210489089,0.10842105263157897,False,False,False
834,0.3393041006638038,0.1683116883116884,False,False,False
835,0.2827656454670727,0.17607692307692346,False,False,False
836,0.17026295452684512,0.22842105263157902,True,False,False
837,0.4267228581419312,0.0836842105263158,False,False,False
838,0.45409056983605717,0.11210526315789471,False,False,False
839,0.17237080932232332,0.12210526315789494,False,False,False
840,0.2591185524859697,0.08749999999999947,False,False,False
841,0.4554221565309934,0.36950549450549475,False,False,False
842,0.2950544743892945,0.2278571428571432,False,False,False
843,0.4601379391844613,0.04356643356643364,False,False,False
844,0.4204674977529972,0.12812499999999982,False,False,False
845,0.29877965299824494,0.11653594771241815,False,False,False
846,0.42527517486796057,0.013846153846153841,False,False,False
847,0.3750594397336685,0.15883928571428596,False,False,False
848,0.14663875332465218,0.03263157894736857,False,False,False
849,0.8067008429399339,0.13562499999999988,False,False,False
850,0.38428105577111316,0.042105263157894424,False,False,False
851,0.5069300693765317,0.0019999999999997797,False,False,False
852,0.4633992758830001,0.09251633986928098,False,False,False
853,0.3589686330755986,0.17263157894736847,False,False,False
854,0.37874446322164584,0.07473684210526314,False,False,False
855,0.48650581917168484,0.27258928571428553,False,False,False
856,0.40731906845790045,0.01377192982456149,False,False,False
857,0.24991577528607933,0.013157894736842132,False,False,False
858,0.3560003704159081,0.07523809523809533,False,False,False
859,0.32311350819996143,0.12479532163742701,False,False,False
860,0.24260424188751975,0.09333333333333349,False,False,False
861,0.3110761680890087,0.012941176470588234,False,False,False
862,0.2407298842956197,0.10432748538011694,False,False,False
863,0.3037050620353279,0.22910216718266252,False,False,False
864,0.36657712405275356,0.0600000000000005,False,False,False
865,0.2875150644413293,0.17596491228070182,False,False,False
866,0.33706120573310777,0.15395604395604412,False,False,False
867,0.1972397241225251,0.15684210526315745,False,False,False
868,0.41848794933987066,0.08052631578947372,False,False,False
869,0.3579145947608971,0.4373750000000003,True,False,False
870,0.7243565288947018,0.06079166666666724,False,False,False
871,0.37668607309113344,0.0615789473684214,False,False,False
872,0.20758004163264476,0.028947368421052597,False,False,False
873,0.3087467593409018,0.022426900584795295,False,False,False
874,0.2851356504916327,0.051578947368420947,False,False,False
875,0.21780134733418155,0.053684210526315834,False,False,False
876,0.42982056056651624,0.14371428571428568,False,False,False
877,0.21780134733418152,0.09473684210526345,False,False,False
878,0.677557533000937,0.41421052631578936,False,False,False
879,0.4223091935360334,0.15945054945054982,False,False,False
880,0.46020906222322583,0.02913725490196084,False,False,False
881,0.47971431516666685,0.037976190476190164,False,False,False
882,0.26062453107647104,0.028947368421052166,False,False,False
883,0.8955524007918815,0.5172527472527472,False,False,False
884,0.32164498209282627,0.06157142857142839,False,False,False
885,0.43399140315413615,0.10526315789473684,False,False,False
886,0.7576093835361188,0.19571428571428573,False,False,False
887,0.163737416372886,0.10105263157894728,False,False,False
888,0.34152393253069113,0.14052631578947383,False,False,False
889,0.23435989717421535,0.12368421052631628,False,False,False
890,0.2925999075228031,0.048137254901960636,False,False,False
891,0.22193083765735822,0.027142857142857135,False,False,False
892,0.14403134811479776,0.08421052631579062,False,False,False
893,0.38265615243211765,0.025789473684210584,False,False,False
894,0.4530565708719568,0.010384615384615437,False,False,False
895,0.3872892749046123,0.14684210526315766,False,False,False
896,0.5545443575084363,0.14494949494949516,False,False,False
897,0.5178829474434811,0.46785714285714275,False,False,False
898,0.345266695337229,0.15742424242424313,False,False,False
899,0.2566672850951115,0.03133333333333299,False,False,False
900,0.23271974461176206,0.05473684210526297,False,False,False
901,0.23628088151765528,0.09210526315789513,False,False,False
902,0.28045389276120286,0.2031578947368421,False,False,False
903,0.22563620256162964,0.08000000000000096,False,False,False
904,0.16256172916610379,0.09894736842105245,False,False,False
905,0.4086249612717742,0.07280219780219799,False,False,False
906,0.24460853078609773,0.15499999999999958,False,False,False
907,0.3429815791501981,0.1809090909090907,False,False,False
908,0.400138025636704,0.10347619047619139,False,False,False
909,0.4272809448687751,0.060350877192982155,False,False,False
910,0.4176352843920527,0.21364102564102505,False,False,False
911,0.21460101297813539,0.13366013071895422,False,False,False
912,0.1228035087218031,0.008947368421052593,False,False,False
913,0.1500097462720612,0.0031578947368419152,False,False,False
914,0.26805875196586004,0.17892857142857133,False,False,False
915,0.21120927234651937,0.14000000000000035,False,False,False
916,0.3500676626326011,0.04578947368421016,False,False,False
917,0.29898365853366543,0.0752631578947367,False,False,False
918,0.5477920625482352,0.009970760233918519,False,False,False
919,0.30768994038675473,0.1805263157894733,False,False,False
920,0.4400378771575617,0.1631250000000004,False,False,False
921,0.456391260275808,0.014148606811145159,False,False,False
922,0.32756930312782423,0.34440476190476144,True,False,False
923,0.2304318346265479,0.025263157894736654,False,False,False
924,0.1991663913967121,0.09894736842105312,False,False,False
925,0.2534614172975436,0.036315789473684135,False,False,False
926,0.7202947739665398,0.14947368421052643,False,False,False
927,0.3130042598219178,0.3175000000000001,True,False,False
928,0.2161505323416506,0.09052631578947379,False,False,False
929,0.2316139659860046,0.010000000000000064,False,False,False
930,0.4643690305040034,0.2555263157894736,False,False,False
931,0.23546271479467726,0.048421052631578955,False,False,False
932,0.29579410414473045,0.0031578947368421234,False,False,False
933,0.2741344699273318,0.23473684210526313,False,False,False
934,0.36041967091334864,0.07578947368421055,False,False,False
935,0.20078937787892528,0.20473684210526316,True,False,False
936,0.2730347106438562,0.15421052631578935,False,False,False
937,0.4439904113605574,0.14789473684210525,False,False,False
938,0.1856598789272331,0.08105263157894732,False,False,False
939,0.20936970295298188,0.03473684210526312,False,False,False
940,0.37742122837186964,0.02157894736842103,False,False,False
941,0.2532906242853793,0.1305263157894737,False,False,False
942,0.24451527416144297,0.07526315789473692,False,False,False
943,0.24220961392154397,0.02000000000000003,False,False,False
944,0.23550252208521408,0.0905555555555555,False,False,False
945,0.25454534632032333,0.10450000000000004,False,False,False
946,0.2778435869757109,0.08882352941176452,False,False,False
947,0.3510352275686188,0.12105263157894741,False,False,False
948,0.5918819685595114,0.32941176470588185,False,False,False
949,0.4923204360624347,0.25722222222222224,False,False,False
950,0.4354636281350848,0.17466666666666686,False,False,False
951,0.5359473699285531,0.015041666666667064,False,False,False
952,0.13478594682676792,0.015263157894736867,False,False,False
953,0.42769044605539036,0.046102941176470624,False,False,False
954,0.3600101008683961,0.13363636363636422,False,False,False
955,0.2563944134299639,0.004666666666666819,False,False,False
956,0.28503924014256815,0.22947368421052639,False,False,False
957,0.37346505029366495,0.19002923976608188,False,False,False
958,0.29907476370585717,0.15737500000000026,False,False,False
959,0.1824492238904995,0.10263157894736863,False,False,False
960,0.2788843319160029,0.1423529411764708,False,False,False
961,0.3115331710535279,0.0810416666666669,False,False,False
962,0.3387344470835903,0.20423076923076944,False,False,False
963,0.4752843760268563,0.1383333333333333,False,False,False
964,0.4137667714745477,0.24284313725490136,False,False,False
965,0.5549436172266995,0.1638304093567251,False,False,False
966,0.34021079105892743,0.19941176470588262,False,False,False
967,0.3469966378319344,0.14709523809523795,False,False,False
968,0.1963720659974162,0.037894736842105425,False,False,False
969,0.3010308677417207,0.25312500000000027,False,False,False
970,0.4517405492199298,0.13908333333333323,False,False,False
971,0.43595506440666365,0.17499999999999982,False,False,False
972,0.4062494264503374,0.10210526315789467,False,False,False
973,0.2386671077130101,0.021052631578947434,False,False,False
974,0.42280668996129117,0.09526315789473683,False,False,False
975,0.2224478386851006,0.09842105263157896,False,False,False
976,0.23868793397354926,0.11315789473684212,False,False,False
977,0.16156218363616698,0.11684210526315791,False,False,False
978,0.22524580465487004,0.10315789473684184,False,False,False
979,0.2546692173318367,0.06358974358974345,False,False,False
980,0.24732959755063966,0.16157894736842082,False,False,False
981,0.23943041385112937,0.1644755244755245,False,False,False
982,0.4286787155626818,0.13434640522875796,False,False,False
983,0.30300444865782544,0.1527244582043341,False,False,False
984,0.40032764358987527,0.05133333333333345,False,False,False
985,0.23279386258262985,0.05052631578947331,False,False,False
986,1.1611045644229503,0.7893333333333332,False,False,False
987,0.2864115551917702,0.09421052631578952,False,False,False
988,0.6458011027611252,0.6152631578947361,False,False,False
989,0.2665471223274651,0.18631578947368443,False,False,False
990,0.24727047955322026,0.057894736842105,False,False,False
991,0.27363988722185195,0.05750000000000011,False,False,False
992,0.2205853456983081,0.06052631578947354,False,False,False
993,0.3112097606944794,0.1410606060606061,False,False,False
994,0.2891285555551836,0.0063157894736841635,False,False,False
995,0.931808277848328,0.019583333333333508,False,False,False
996,0.4637446111034449,0.06315789473684214,False,False,False
997,0.1650677691769433,0.04789473684210499,False,False,False
998,0.40070414213457983,0.022666666666666835,False,False,False
999,0.3971757016884289,0.03578947368421059,False,False,False
1000,0.417933466418928,0.061699346405228894,False,False,False
1001,0.4230825338032247,0.3916081871345032,False,False,False
1002,0.2301664792864819,0.23736842105263167,True,False,False
1003,0.423997953657659,0.05647058823529405,False,False,False
1004,0.41637744347958683,0.03263157894736812,False,False,False
1005,0.19793081666868984,0.09473684210526279,False,False,False
1006,0.4883597425005854,0.16333333333333333,False,False,False
1007,0.1310171632879578,0.19105263157894714,True,False,False
1008,0.48383805628110976,0.002095588235294432,False,False,False
1009,0.18478848347700402,0.15263157894736867,False,False,False
1010,0.43650592997184445,0.10789473684210549,False,False,False
1011,0.2127926261748418,0.20210526315789457,False,False,False
1012,0.5529373979772677,0.05894736842105219,False,False,False
1013,0.2320402768022818,0.19684210526315793,False,False,False
1014,0.2107491510738835,0.2284210526315788,True,False,False
1015,0.33252696583365376,0.06277777777777771,False,False,False
1016,0.4275648440955275,0.3336842105263157,False,False,False
1017,0.2660068591649603,0.01684210526315766,False,False,False
1018,0.3615302111404404,0.12263157894736887,False,False,False
1019,0.2878921175458426,0.08157894736842104,False,False,False
1020,0.20176704765760897,0.09631578947368458,False,False,False
1021,0.2589203856050568,0.12947368421052619,False,False,False
1022,0.2935674902727297,0.33052631578947367,True,False,False
1023,0.23118686904980704,0.11263157894736847,False,False,False
1024,0.25218112863064696,0.07947368421052627,False,False,False
1025,0.20682365288286753,0.012105263157894175,False,False,False
1026,0.18093810127009755,0.0931578947368421,False,False,False
1027,0.1785140091477089,0.09947368421052616,False,False,False
1028,0.2997935019156514,0.24888888888888916,False,False,False
1029,0.48321716692327554,0.2915789473684209,False,False,False
1030,0.135547406523344,0.03210526315789464,False,False,False
1031,0.19784659424362397,0.0036842105263161784,False,False,False
1032,0.20981612668606728,0.1663157894736842,False,False,False
1033,0.5115395656962687,0.29333333333333345,False,False,False
1034,0.2520489138456269,0.16947368421052578,False,False,False
1035,0.1795755228895426,0.1563157894736844,False,False,False
1036,0.17939632364034808,0.22263157894736846,True,False,False
1037,0.19800318976697,0.03894736842105284,False,False,False
1038,0.10131590339478674,0.12157894736842145,True,False,False
1039,0.25259703711226456,0.10210526315789481,False,False,False
1040,0.2872668136458199,0.06894736842105242,False,False,False
1041,0.36603454283674863,0.08736842105263198,False,False,False
1042,0.5835244084818711,0.06088235294117639,False,False,False
1043,0.33490593948763214,0.056842105263157805,False,False,False
1044,0.34291236327797925,0.04894736842105285,False,False,False
1045,0.16827122355994967,0.10473684210526346,False,False,False
1046,0.18921815127500277,0.2673684210526308,True,False,False
1047,0.12989199291935355,0.07684210526315804,False,False,False
1048,0.1818375986442346,0.013684210526315743,False,False,False
1049,0.3850763684307432,0.03276190476190566,False,False,False
1050,0.33289708294945647,0.040146198830409485,False,False,False
1051,0.24886173619640695,0.000526315789473708,False,False,False
1052,0.392814853043937,0.2068421052631579,False,False,False
1053,0.3028200785945344,0.06857142857142873,False,False,False
1054,0.3484100792648418,0.1831250000000002,False,False,False
1055,0.23995979195353953,0.058421052631578874,False,False,False
1056,0.3247844936573503,0.07388888888888888,False,False,False
1057,0.1830076852634803,0.024736842105263168,False,False,False
1058,0.29037462740815395,0.03916666666666668,False,False,False
1059,0.3636848452529562,0.13904761904761886,False,False,False
1060,0.2712769368571317,0.1472222222222226,False,False,False
1061,0.42152231329558415,0.18940476190476208,False,False,False
1062,0.4659694039098672,0.01473684210526316,False,False,False
1063,0.2700671467177445,0.29835164835164796,True,False,False
1064,0.316049837842072,0.11684210526315786,False,False,False
1065,0.3143572085151772,0.07383333333333297,False,False,False
1066,0.2505432693659149,0.10000000000000009,False,False,False
1067,0.30736890055052907,0.15566433566433568,False,False,False
1068,0.1682208239607543,0.06,False,False,False
1069,0.32757123907123875,0.020208333333332718,False,False,False
1070,0.17707665106071208,0.21631578947368435,True,False,False
1071,0.30571516924399145,0.14823529411764724,False,False,False
1072,0.42980463718274475,0.06503267973856186,False,False,False
1073,0.47442239427237687,0.2205263157894737,False,False,False
1074,0.2651249291752389,0.1852631578947369,False,False,False
1075,0.2893327674018234,0.10999999999999993,False,False,False
1076,0.21456334006671499,0.17052631578947341,False,False,False
1077,0.2962070162761647,0.12473684210526281,False,False,False
1078,0.39522092977641415,0.17095833333333377,False,False,False
1079,0.24106904760728973,0.013296703296703516,False,False,False
1080,0.21523548914961416,0.16,False,False,False
1081,0.51517895601931,0.1826315789473687,False,False,False
1082,0.17628558700907598,0.07315789473684187,False,False,False
1083,0.3364960376190681,0.2273557692307695,False,False,False
1084,0.34409728446541193,0.16411764705882348,False,False,False
1085,0.28290089548579844,0.05231617647058828,False,False,False
1086,0.19743866425751275,0.11173202614379107,False,False,False
1087,0.3938159794130066,0.21660256410256418,False,False,False
1088,0.4176465670525261,0.16011695906432744,False,False,False
1089,0.24772897056489546,0.20208333333333317,False,False,False
1090,0.5749207929172983,0.4068421052631579,False,False,False
1091,0.33007530595659407,0.03368421052631543,False,False,False
1092,0.23314403348762155,0.10263157894736852,False,False,False
1093,0.6003538333972103,0.36557142857142866,False,False,False
1094,0.4161501560506164,0.061960784313725537,False,False,False
1095,0.33629906158585904,0.021269349845201457,False,False,False
1096,0.1978280761479985,0.06777777777777771,False,False,False
1097,0.4247664242280871,0.026166666666666227,False,False,False
1098,0.3509335919585247,0.3463157894736838,False,False,False
1099,0.1910061081047759,0.018461538461538307,False,False,False
1100,0.5636903259997735,0.5710526315789473,True,False,False
1101,0.34200218870063304,0.15736842105263182,False,False,False
1102,0.317152877509283,0.07839869281045758,False,False,False
1103,0.35167685193531634,0.16458204334365323,False,False,False
1104,0.31937530398470326,0.04315789473684206,False,False,False
1105,0.49662537662294537,0.07924369747899151,False,False,False
1106,0.1981375268144925,0.054736842105263195,False,False,False
1107,0.24142171493973869,0.10616666666666663,False,False,False
1108,0.3470728436849092,0.1892016806722694,False,False,False
1109,0.3263308598115714,0.025409356725145993,False,False,False
1110,0.33133347453136885,0.03526315789473672,False,False,False
1111,0.7522447887637521,0.6413636363636366,False,False,False
1112,0.11094754041954329,0.0757894736842104,False,False,False
1113,0.242126000256065,0.28823529411764737,True,False,False
1114,0.15656958544915195,0.10947368421052661,False,False,False
1115,0.6543438767887334,0.07557692307692321,False,False,False
1116,0.2817383015996144,0.02941176470588247,False,False,False
1117,0.23233999084322365,0.02842105263157879,False,False,False
1118,0.29398352979286724,0.07789473684210513,False,False,False
1119,0.27978222823849136,0.40207843137254917,True,False,False
1120,0.3940797259557471,0.036842105263157926,False,False,False
1121,0.43259260700613417,0.1998181818181819,False,False,False
1122,0.37276115300951423,0.3078947368421053,False,False,False
1123,0.2589768442312039,0.2773684210526317,True,False,False
1124,0.33555541404876177,0.054395604395604646,False,False,False
1125,0.2689376979527358,0.12789473684210528,False,False,False
1126,0.2807404578580768,0.01473684210526316,False,False,False
1127,0.3125381848015764,0.05578947368421039,False,False,False
1128,0.39086176158159375,0.22312500000000002,False,False,False
1129,0.29905210874141996,0.04789473684210588,False,False,False
1130,0.2839787950603989,0.04934065934065934,False,False,False
1131,0.3334377029587175,0.09736842105263155,False,False,False
1132,0.2662360186884164,0.12457516339869268,False,False,False
1133,0.2468550726652884,0.010000000000000009,False,False,False
1134,0.24480927055029683,0.08631578947368423,False,False,False
1135,0.4069840653044842,0.2523529411764707,False,False,False
1136,0.1623565493683794,0.08789473684210525,False,False,False
1137,0.42300926952640544,0.13157894736842124,False,False,False
1138,0.1929018172830705,0.04210526315789487,False,False,False
1139,0.28008440286326675,0.12622377622377634,False,False,False
1140,0.2755069755328374,0.10210526315789464,False,False,False
1141,0.3706431756236227,0.07181818181818134,False,False,False
1142,0.3206389819175862,0.10000000000000009,False,False,False
1143,0.35317606562921744,0.15722222222222193,False,False,False
1144,0.3660420258739184,0.19117647058823528,False,False,False
1145,0.1404087599939581,0.080526315789474,False,False,False
1146,0.10139667918481153,0.11736842105263179,True,False,False
1147,0.12422626027813145,0.02736842105263171,False,False,False
1148,0.17557091501393499,0.2294736842105265,True,False,False
1149,0.24103784438183654,0.3100000000000003,True,False,False
1150,0.16029030680655754,0.18210526315789477,True,False,False
1151,0.2971354466976475,0.14842105263157895,False,False,False
1152,0.33493736867610413,0.03210526315789486,False,False,False
1153,0.6063856815354743,0.2619590643274854,False,False,False
1154,0.5623911534899971,0.10866666666666647,False,False,False
1155,0.11728657361726105,0.0457894736842106,False,False,False
1156,0.33435195239474136,0.12421052631578944,False,False,False
1157,0.6642411083334124,0.02012500000000006,False,False,False
1158,0.1494023180261235,0.026315789473684292,False,False,False
1159,0.31171135781077225,0.08581699346405247,False,False,False
1160,0.3485806889832341,0.04032679738562084,False,False,False
1161,0.27606744700184715,0.029999999999999805,False,False,False
1162,0.2277957617931227,0.043999999999999984,False,False,False
1163,0.2861509268570984,0.09944444444444467,False,False,False
1164,0.3737061011008517,0.004999999999999449,False,False,False
1165,0.3338611017985139,0.04294117647058826,False,False,False
1166,0.4501079235662741,0.1526666666666665,False,False,False
1167,0.30012667890711225,0.16736842105263156,False,False,False
1168,0.5249516984583302,0.023538461538462174,False,False,False
1169,0.3385650835356086,0.2611455108359131,False,False,False
1170,0.4239137378557778,0.0904615384615386,False,False,False
1171,0.21543753928536533,0.1116666666666668,False,False,False
1172,0.3162132977488496,0.08865497076023399,False,False,False
1173,0.29693674170002704,0.31833333333333336,True,False,False
1174,0.25796663277589016,0.0478947368421051,False,False,False
1175,0.20792205017113605,0.11894736842105225,False,False,False
1176,0.3727533088247053,0.24157894736842112,False,False,False
1177,0.42152327497426434,0.02695906432748507,False,False,False
1178,0.5239788604074082,0.011333333333332973,False,False,False
1179,0.3120001885368963,0.06184210526315803,False,False,False
1180,0.2195985642297433,0.04578947368421016,False,False,False
1181,0.35350453256705855,0.13636363636363624,False,False,False
1182,0.18669329384022418,0.061578947368421066,False,False,False
1183,0.2941188235270588,0.07378676470588186,False,False,False
1184,1.3085157432344472,0.21421052631578963,False,False,False
1185,0.2139068497053734,0.05105263157894746,False,False,False
1186,0.4244893733300935,0.17947368421052645,False,False,False
1187,0.5019520717687508,0.24833333333333363,False,False,False
1188,0.33894573389602617,0.15421052631578952,False,False,False
1189,0.22616301112768017,0.014736842105263381,False,False,False
1190,0.21364286754722508,0.16999999999999987,False,False,False
1191,0.7971212826046528,0.0603508771929826,False,False,False
1192,0.24631435247244143,0.15105263157894727,False,False,False
1193,0.3044039498854809,0.30791666666666684,True,False,False
1194,0.22995804346529383,0.08105263157894727,False,False,False
1195,0.4543822567994019,0.02121568627450987,False,False,False
1196,0.3224658284629796,0.0015789473684210131,False,False,False
1197,0.2797644220913944,0.19214285714285761,False,False,False
1198,0.38839525897335875,0.10421052631578953,False,False,False
1199,0.279057519904418,0.03894736842105263,False,False,False
1200,0.3374774446404169,0.10856410256410276,False,False,False
1201,0.24062540347045996,0.04210526315789476,False,False,False
1202,0.27212290824732577,0.03894736842105265,False,False,False
1203,0.28737977399762143,0.013684210526315965,False,False,False
1204,0.4388275181016738,0.2910526315789474,False,False,False
1205,0.3364190508544036,0.23727272727272686,False,False,False
1206,0.2972062902217388,0.22000000000000008,False,False,False
1207,0.4515328020698266,0.0036842105263156233,False,False,False
1208,0.25355023032575935,0.025263157894736932,False,False,False
1209,0.3509772072371652,0.07812500000000011,False,False,False
1210,0.3316959786042366,0.2138888888888888,False,False,False
1211,0.5179887845816558,0.2833333333333332,False,False,False
1212,0.15518146329284177,0.04842105263157759,False,False,False
1213,0.2729534663110946,0.25347222222222254,False,False,False
1214,0.44170880302147786,0.09016666666666673,False,False,False
1215,0.2624435333307615,0.1589473684210525,False,False,False
1216,0.2220584191614176,0.0,False,False,False
1217,0.20000584786772246,0.11315789473684212,False,False,False
1218,0.51487862647424,0.18421052631578944,False,False,False
1219,0.4130452883842282,0.010673076923076952,False,False,False
1220,0.5944486779943502,0.3391208791208795,False,False,False
1221,0.23530992378970786,0.18842105263157927,False,False,False
1222,0.3117522633185051,0.20947368421052603,False,False,False
1223,0.4210847669441165,0.22266666666666746,False,False,False
1224,0.4312114039004548,0.2300000000000002,False,False,False
